{
    "0": {
        "origin_prompt": "Document：The ex-Reading defender denied fraudulent trading charges relating to the Sodje Sports Foundation - a charity to raise money for Nigerian sport.\nMr Sodje, 37, is jointly charged with elder brothers Efe, 44, Bright, 50 and Stephen, 42.\nAppearing at the Old Bailey earlier, all four denied the offence.\nThe charge relates to offences which allegedly took place between 2008 and 2014.\nSam, from Kent, Efe and Bright, of Greater Manchester, and Stephen, from Bexley, are due to stand trial in July.\nThey were all released on bail.\nBased on the previous text, provide a brief single summary:",
        "prediction": "\nThe ex-Cheltenham defender was a 1990s footballer who was a part of the Nigerian football team.\nThe ex-Cheltenham defender was a 1990s footballer who was a part of the Nigerian football team.\nThe ex-Cheltenham defender was a 1990s footballer who was a part of the Nigerian football team.\nThe ex-Cheltenham defender",
        "gold": "Former Premier League footballer Sam Sodje has appeared in court alongside three brothers accused of charity fraud."
    },
    "1": {
        "origin_prompt": "Document：Voges was forced to retire hurt on 86 after suffering the injury while batting during the County Championship draw with Somerset on 4 June.\nMiddlesex hope to have the Australian back for their T20 Blast game against Hampshire at Lord's on 3 August.\nThe 37-year-old has scored 230 runs in four first-class games this season at an average of 57.50.\n\"Losing Adam is naturally a blow as he contributes significantly to everything we do,\" director of cricket Angus Fraser said.\n\"His absence, however, does give opportunities to other players who are desperate to play in the first XI.\n\"In the past we have coped well without an overseas player and I expect us to do so now.\"\nDefending county champions Middlesex are sixth in the Division One table, having drawn all four of their matches this season.\nVoges retired from international cricket in February with a Test batting average of 61.87 from 31 innings, second only to Australian great Sir Donald Bradman's career average of 99.94 from 52 Tests.\nBased on the previous text, provide a brief single summary:",
        "prediction": "\nThe 37-year-old has scored 1300.50.\nThe 37-year-old has scored 1300.50.\nThe 37-year-old has scored 1300.50.\nThe 37-year-old has scored 1300.50.\nThe 37-year-old has scored 1300.50.",
        "gold": "Middlesex batsman Adam Voges will be out until August after suffering a torn calf muscle in his right leg."
    },
    "2": {
        "origin_prompt": "Document：Seven photographs taken in the Norfolk countryside by photographer Josh Olins will appear in the June edition.\nIn her first sitting for a magazine, the duchess is seen looking relaxed and wearing casual clothes.\nThe shoot was in collaboration with the National Portrait Gallery, where two images are being displayed in the Vogue 100: A Century of Style exhibition.\nThe duchess, who has a keen interest in photography, has been patron of the National Portrait Gallery since 2012.\nNicholas Cullinan, director of the National Portrait Gallery, said: \"Josh has captured the duchess exactly as she is - full of life, with a great sense of humour, thoughtful and intelligent, and in fact, very beautiful.\"\nHe said the images also encapsulated what Vogue had done over the past 100 years - \"to pair the best photographers with the great personalities of the day, in order to reflect broader shifts in culture and society\".\nAlexandra Shulman, editor-in-chief of British Vogue, said: \"To be able to publish a photographic shoot with the Duchess of Cambridge has been one of my greatest ambitions for the magazine.\"\nThe collaboration for the June edition had resulted in \"a true celebration of our centenary as well as a fitting tribute to a young woman whose interest in both photography and the countryside is well known\", she said.\nOther royal portraits to have featured in the fashion magazine include Diana, Princess of Wales - who graced the cover four times - and Princess Anne.\nThe duchess is to visit the exhibition at the National Portrait Gallery on Wednesday, Kensington Palace said.\nBased on the previous text, provide a brief single summary:",
        "prediction": "\nThe 100-year-old exhibition is a collaboration with the National Portrait Gallery.\nThe 100-year-old exhibition is a collaboration with the National Portrait Gallery.\nThe 100-year-old exhibition is a collaboration with the National Portrait Gallery.\nThe 100-year-old exhibition is a collaboration with the National Portrait Gallery.\nThe 100-year-old exhibition is a collaboration with the",
        "gold": "The Duchess of Cambridge will feature on the cover of British Vogue to mark the magazine's centenary."
    },
    "3": {
        "origin_prompt": "Document：Chris Poole - known as \"moot\" online - created the site in 2003.\nIt has gone on to be closely associated with offensive and often illegal activity, including instances where the images of child abuse were shared.\nIt was widely credited as being the first place where leaked images of nude celebrities were posted following 2014's well-publicised security breach affecting Apple's iCloud service. That incident prompted a policy change on the site.\nHowever, 4chan has also been the rallying point for many instances of online activism from the likes of Anonymous, the loosely organized hacktivism group.\nMr Poole shared news of his new position on blogging site Tumblr.\n\"When meeting with current and former Googlers, I continually find myself drawn to their intelligence, passion, and enthusiasm - as well as a universal desire to share it with others.\"\n\"I'm also impressed by Google's commitment to enabling these same talented people to tackle some of the world's most interesting and important problems.\nHe added: \"I can't wait to contribute my own experience from a dozen years of building online communities, and to begin the next chapter of my career at such an incredible company.\"\nMr Poole stepped down as the administrator of 4chan in January 2015. Now he is expected to turn his attentions to Google's social networking efforts.\nHis arrival was welcomed by Bradley Horowitz, the head of \"streams, photos and sharing\" at the search giant's floundering social network, Google+.\n\"I'm thrilled he's joining our team here at Google,\" Mr Horowitz said.\n\"Welcome Chris!ï»¿\"\nSeveral commentators described the appointment as \"unexpected\" but noted that Mr Poole's expertise with social media could prove useful to the search firm.\nFollow Dave Lee on Twitter @DaveLeeBBC and on Facebook\nBased on the previous text, provide a brief single summary:",
        "prediction": "\nThe 2013 hack of the 2013 hack of the 2013 hack of the 2013 hack of the 2013 hack of the 2013 hack of the 2013 hack of the 2013 hack of the 2013 hack of the 2013 hack of the 2013 hack of the 2013 hack of the 2",
        "gold": "Google has hired the creator of one of the web's most notorious forums - 4chan."
    },
    "4": {
        "origin_prompt": "Document：Four police officers were injured in the incident on Friday night.\nA man, aged 19, and a boy, aged 16, have been charged with six counts of aggravated vehicle taking.\nThey are due to appear before Belfast Magistrates' Court on Monday.\nThe 19-year-old man has also been charged with driving while disqualified and using a motor vehicle without insurance.\nBased on the previous text, provide a brief single summary:",
        "prediction": "\nThe 19-year-old man has been charged with six counts of aggravated vehicle taking.\nThe 19-year-old man has been charged with six counts of aggravated vehicle taking.\nThe 19-year-old man has been charged with six counts of aggravated vehicle taking.\nThe 19-year-old man has been charged with six counts of aggravated vehicle taking.\nThe 1",
        "gold": "Two teenagers have been charged in connection with an incident in west Belfast in which a car collided with two police vehicles."
    },
    "5": {
        "origin_prompt": "Document：The injured pedestrian - a young man - is thought to have been walking with a group of people from a graduation ceremony at the Caird Hall.\nThe incident took place on High Street at about 18:00.\nThe man's injuries are believed not to be life-threatening. The driver of the taxi is thought to be uninjured.\nBased on the previous text, provide a brief single summary:",
        "prediction": "\nThe injured ped pedestrian is thought to have been walking with a group of people from a graduation ceremony at the Caird Hall.\nThe injured ped ped ped ped ped ped ped ped ped ped ped ped ped ped ped ped ped ped ped ped ped ped ped ped ped ped ped ped ped ped ped ped ped ped ped ped ped ped ped ped ped ped ped ped ped ped ped ped ped ped ped ped ped ped ped ped ped ped ped ped ped ped ped ped ped ped ped",
        "gold": "A pedestrian has been struck by a taxi in Dundee after it mounted the pavement."
    },
    "6": {
        "origin_prompt": "Document：Barca will be investigated for alleged misappropriation of funds in the £48.6m (57m euros) deal with Santos.\nThe signing of Neymar has been correct and his signing has caused despair and envy in some of our adversaries\nRosell, speaking at a news conference after a Barca board meeting, insisted he had \"acted correctly\".\nVice-president Josep Maria Bartomeu now takes over from the 49-year-old Rosell, who came to power in 2010.\nRosell's future has been a real source of concern ever since a Spanish national court judge accepted a lawsuit this week from Barcelona club member Jordi Cases, who alleged that the amount paid for Neymar was more than the reported fee.\nRosell maintains the accusation is \"unfair and reckless\".\nHe added: \"For some time, my family and myself have suffered threats and attacks in silence. These threats and attacks have made me wonder if being president means having to jeopardise my family.\n\"From the beginning, I have said the signing of Neymar has been correct and his signing has caused despair and envy in some of our adversaries.\"\nRosell said he was resigning to spare the club's board of directors from \"unfair attacks\" that could \"negatively affect their management or the image of the club\".\nHe added: \"It has been an honour to serve the Barcelonistas. It's been a privilege to be the president of FC Barcelona.\"\nRosell was named Barca president in the summer of 2010 after winning a landslide vote to succeed Joan Laporta, earning 61.34% of a record turn-out of 57,088 voters.\nHe had also been vice-president under Laporta before resigning in 2005.\nBased on the previous text, provide a brief single summary:",
        "prediction": "\nThe 2011-12 season saw the 120th anniversary of the 1909-10 season.\nThe 1909-10 season saw the 120th anniversary of the 1909-10 season.\nThe 1909-10 season saw the 120th anniversary of the 1909-10 season.\nThe 1",
        "gold": "Barcelona football club chief Sandro Rosell has resigned following a Spanish court's decision to look into last year's signing of Brazil star Neymar."
    },
    "7": {
        "origin_prompt": "Document：The think tank said the city's 1,536 schools needed to save £360m in the first year if the government's National Funding Formula (NFF) plan goes ahead.\nThe amount is the equivalent of 12,857 qualified teachers, on an average salary of £28,000.\nThe government said London was the highest funded part of the country.\nIt added that under the plans, which are under consultation, inner-city schools would be allocated 30% more money per pupil than the national average.\nBut London Councils, which represents the city's 32 boroughs and the City, said no school would gain enough funding from the NFF to compensate for increased cost pressures from inflation, higher pension contributions and national insurance.\nMinisters said the new formula was needed to tackle uneven levels of funding across England, with the best funded areas getting more than £6,300 per pupil per year, while the worst-funded averaging £4,200.\nIt said the funding cut was on top of National Audit Office figures which showed England schools faced an eight per cent real-terms cut per pupil by 2019-20 because it  wider cost pressures.\nIn a statement, London Councils said: \"At a time when UK schools are seen as underperforming by international standards, and when businesses based in London are facing massive uncertainty about recruiting skilled staff, there is an urgent need to invest in schools in London and across the rest of the country.\"\nIt added: \"Without the right qualifications and skills, London's children will be unable to access jobs and contribute to the national economy. Over 60% of jobs in inner London require a degree and around 45% of jobs in the rest of the capital require a degree.\"\nBased on the previous text, provide a brief single summary:",
        "prediction": "\nThe 100% of pupils in the 100% of pupils in the 100% of pupils in the 100% of pupils in the 100% of pupils in the 100% of pupils in the 100% of pupils in the 100% of pupils in the 100% of pupils in the 100% of pupils",
        "gold": "About 70% of London schools could face budget cuts under government plans to change how they are funded, according to London Councils."
    }
}